{"cameraMode":{"drawMode":0,"name":"Shaded","section":"Shading Mode"},"sceneLighting":true,"audioPlay":false,"sceneViewState":{"showFog":true,"showMaterialUpdate":false,"showSkybox":true,"showFlares":true,"showImageEffects":true,"showParticleSystems":true},"in2DMode":false,"pivot":{"x":55.03056716918945,"y":1.1838395595550538,"z":50.07023620605469},"rotation":{"x":-0.08915908634662628,"y":0.8945270776748657,"z":-0.20644034445285798,"w":-0.3863452672958374},"size":1.480663537979126,"orthographic":false}