{"cameraMode":{"drawMode":0,"name":"Shaded","section":"Shading Mode"},"sceneLighting":false,"audioPlay":false,"sceneViewState":{"showFog":true,"showMaterialUpdate":false,"showSkybox":false,"showFlares":true,"showImageEffects":true,"showParticleSystems":true},"in2DMode":false,"pivot":{"x":25.01991844177246,"y":0.8906084299087524,"z":11.652610778808594},"rotation":{"x":0.1773664951324463,"y":-0.07310206443071366,"z":0.013399401679635048,"w":0.9814068675041199},"size":1.4467679262161255,"orthographic":false}