{"cameraMode":{"drawMode":0,"name":"Shaded","section":"Shading Mode"},"sceneLighting":false,"audioPlay":false,"sceneViewState":{"showFog":true,"showMaterialUpdate":false,"showSkybox":false,"showFlares":true,"showImageEffects":true,"showParticleSystems":true},"in2DMode":false,"pivot":{"x":-5.162792682647705,"y":-4.325316905975342,"z":-4.857306003570557},"rotation":{"x":0.047236163169145587,"y":-0.9473859667778015,"z":0.1668853759765625,"w":0.26929572224617007},"size":1.4094446897506714,"orthographic":false}